,pitcher_id,walks,hits,at-bats,IP,WHIP
0,452657,246,690,3170,715.0000000000099,1.3090909090908909
1,425794,138,426,1687,368.33333333332996,1.5312217194570277
2,457435,13,25,101,22.0,1.7272727272727273
3,435400,46,104,481,101.99999999999974,1.4705882352941213
4,519166,66,105,502,98.33333333333306,1.7389830508474624
5,593372,302,616,2947,659.0000000000048,1.393019726858867
6,467008,107,149,949,223.3333333333351,1.1462686567164089
7,477229,4,7,42,9.333333333333332,1.1785714285714288
8,444468,69,205,971,226.00000000000182,1.2123893805309638
9,572096,80,147,686,147.33333333333323,1.5407239819004537
10,433587,245,563,2539,564.6666666666619,1.4309327036599886
11,450308,116,423,1632,321.3333333333323,1.677385892116188
12,459987,39,115,433,92.99999999999986,1.6559139784946262
13,543144,69,131,622,130.99999999999935,1.526717557251916
14,518703,7,9,83,19.999999999999996,0.8000000000000002
15,605476,39,72,388,89.99999999999986,1.2333333333333354
16,477569,70,231,995,217.33333333333496,1.384969325153364
17,407845,142,215,1080,233.3333333333355,1.5299999999999858
18,506693,18,42,169,35.99999999999997,1.666666666666668
19,527054,304,654,3149,686.0000000000081,1.3965014577259312
20,501593,71,146,696,153.33333333333331,1.415217391304348
21,462382,97,257,1082,241.66666666666887,1.4648275862068831
22,445197,91,154,719,148.6666666666664,1.647982062780272
23,573109,119,163,902,192.33333333333437,1.46620450606585
24,276351,63,118,575,120.66666666666605,1.5000000000000078
25,502042,259,706,3215,717.3333333333438,1.3452602230483075
26,501957,216,498,2039,421.66666666666123,1.693280632411089
27,544993,38,69,383,83.99999999999987,1.2738095238095257
28,503285,66,131,713,157.6666666666668,1.2494714587737834
29,457117,18,26,131,26.333333333333307,1.6708860759493687
30,542924,14,30,111,21.99999999999999,2.000000000000001
31,346797,5,3,21,4.0,2.0
32,542960,118,237,1201,268.00000000000176,1.3246268656716331
33,488984,58,204,888,201.00000000000125,1.3034825870646685
34,489446,73,149,758,164.66666666666703,1.348178137651819
35,502154,76,157,841,207.33333333333448,1.1237942122186433
36,430935,305,676,3157,706.0000000000082,1.3895184135977177
37,453329,116,340,1491,328.6666666666656,1.3874239350912825
38,472610,94,203,880,187.66666666666748,1.5825932504440428
39,491646,63,220,830,179.00000000000065,1.581005586592173
40,518603,37,92,363,76.33333333333334,1.689956331877729
41,547749,69,202,828,173.3333333333338,1.5634615384615342
42,518617,110,142,772,164.66666666666694,1.530364372469633
43,462945,8,17,91,21.999999999999993,1.1363636363636367
44,518927,62,94,459,97.33333333333302,1.6027397260274026
45,570649,153,344,1512,329.33333333333206,1.5091093117408965
46,502188,182,669,2800,615.6666666666671,1.382241472658364
47,516969,74,212,1013,231.3333333333354,1.2363112391930726
48,543359,111,231,1045,232.00000000000196,1.4741379310344702
49,475138,6,10,37,6.333333333333331,2.526315789473685
50,451584,98,148,933,218.00000000000165,1.1284403669724685
51,425492,71,206,971,221.333333333335,1.2515060240963762
52,572971,212,680,3072,716.0000000000108,1.245810055865903
53,446372,198,679,3373,803.3333333333524,1.0917012448132521
54,448609,66,156,731,160.0000000000001,1.387499999999999
55,425786,5,23,87,19.0,1.4736842105263157
56,502381,58,162,790,185.3333333333341,1.1870503597122253
57,346798,52,195,715,147.66666666666652,1.6726862302483088
58,452718,55,190,675,135.33333333333292,1.8103448275862124
59,518468,49,104,464,97.99999999999974,1.5612244897959224
60,425840,26,58,269,58.00000000000013,1.4482758620689624
61,519293,59,120,642,143.99999999999972,1.243055555555558
62,429783,12,43,175,31.999999999999954,1.7187500000000024
63,502026,111,241,1122,258.6666666666691,1.3608247422680286
64,543184,80,206,837,171.33333333333385,1.6692607003891
65,456034,195,633,2881,647.0000000000038,1.2797527047913373
66,461833,56,376,1307,271.00000000000176,1.5940959409593993
67,543242,26,76,293,62.00000000000017,1.645161290322576
68,150274,4,5,29,6.333333333333331,1.4210526315789478
69,453286,229,617,3450,788.0000000000184,1.0736040609136805
70,112526,127,781,2890,625.0000000000015,1.4527999999999965
71,448614,92,213,949,208.33333333333465,1.4639999999999906
72,458584,49,109,525,119.66666666666609,1.3203342618384464
73,544727,99,203,1043,240.00000000000244,1.2583333333333204
74,502578,9,28,122,26.66666666666665,1.3875000000000008
75,407819,19,55,248,53.33333333333339,1.3874999999999984
76,460283,71,115,602,127.66666666666593,1.4569190600522277
77,234194,1,8,32,7.666666666666664,1.1739130434782612
78,456501,186,595,2614,577.9999999999951,1.3512110726643713
79,434538,304,544,2531,547.6666666666607,1.5483870967742104
80,276514,5,13,51,10.0,1.8
81,448159,6,32,130,30.999999999999968,1.2258064516129046
82,471822,56,126,577,118.33333333333277,1.5380281690140918
83,453265,84,233,1118,254.6666666666692,1.2447643979057468
84,547973,114,136,924,210.00000000000156,1.1904761904761816
85,477132,121,535,2775,669.0000000000057,0.9805680119581381
86,448306,323,703,3078,654.0000000000033,1.5688073394495334
87,554340,20,82,361,75.33333333333333,1.3539823008849559
88,543883,56,190,848,181.33333333333417,1.3566176470588174
89,571057,23,41,174,33.999999999999964,1.8823529411764726
90,518875,50,144,742,167.00000000000034,1.1616766467065844
91,407908,17,58,241,48.66666666666673,1.5410958904109568
92,501822,77,176,771,161.0000000000001,1.5714285714285703
93,518567,50,194,763,161.66666666666688,1.5092783505154619
94,518516,179,579,2791,626.6666666666681,1.2095744680851035
95,605177,93,167,839,190.33333333333428,1.3660245183887847
96,543339,111,224,1029,213.00000000000153,1.572769953051632
97,425657,33,43,265,62.333333333333485,1.2192513368983928
98,466948,27,66,289,63.33333333333347,1.4684210526315757
99,489265,60,184,858,189.33333333333422,1.288732394366191
100,346793,16,43,163,33.666666666666636,1.752475247524754
101,424144,71,126,629,131.9999999999994,1.492424242424249
102,446899,96,243,1068,247.66666666666876,1.368775235531617
103,433586,100,177,876,191.66666666666762,1.4452173913043407
104,543243,230,576,2612,581.9999999999964,1.3848797250859193
105,451596,242,564,2327,486.33333333332484,1.6572995202193572
106,542914,24,98,365,79.33333333333333,1.5378151260504203
107,607309,20,46,172,32.999999999999964,2.000000000000002
108,542669,9,14,58,10.666666666666666,2.15625
109,519267,9,76,323,75.66666666666667,1.1233480176211452
110,547888,157,626,2806,644.0000000000024,1.2158385093167656
111,571800,92,257,974,197.00000000000097,1.771573604060905
112,455119,15,74,276,58.333333333333464,1.5257142857142822
113,592741,103,166,828,172.33333333333377,1.5609284332688549
114,502304,10,25,107,21.666666666666654,1.6153846153846163
115,571901,73,169,697,149.66666666666652,1.616926503340759
116,612434,101,167,804,168.33333333333383,1.5920792079207875
117,458677,108,195,980,213.66666666666814,1.418096723868945
118,469134,16,41,153,29.3333333333333,1.9431818181818203
119,572020,137,448,2009,455.99999999999216,1.2828947368421273
120,450351,56,118,556,120.99999999999946,1.4380165289256261
121,452666,65,141,589,124.66666666666607,1.6524064171123074
122,500721,11,23,98,19.999999999999996,1.7000000000000004
123,621397,32,60,273,59.000000000000135,1.5593220338983016
124,434718,33,85,376,80.33333333333329,1.4688796680497933
125,502009,73,213,875,187.3333333333341,1.5266903914590684
126,543272,136,276,1388,317.33333333333275,1.298319327731095
127,622072,178,520,2319,525.9999999999911,1.3269961977186535
128,473879,107,251,1128,256.666666666669,1.394805194805182
129,594792,33,41,225,47.666666666666735,1.5524475524475503
130,592533,26,73,263,52.66666666666673,1.8797468354430358
131,457768,51,106,447,97.99999999999972,1.6020408163265352
132,518553,107,170,966,222.0000000000017,1.2477477477477381
133,475479,104,231,1072,242.00000000000227,1.384297520661144
134,462089,4,0,8,1.0,4.0
135,501992,124,268,1227,263.6666666666689,1.4867256637168016
136,612672,131,482,2019,432.66666666665986,1.4167950693374645
137,592332,216,689,2819,608.9999999999995,1.4860426929392458
138,448178,60,129,590,122.33333333333283,1.5449591280654014
139,502202,99,144,740,156.66666666666669,1.551063829787234
140,490063,144,414,1635,336.3333333333317,1.6590683845391556
141,543475,111,302,1181,247.33333333333582,1.6698113207547003
142,592804,53,97,522,113.66666666666622,1.3196480938416475
143,457429,65,102,504,107.66666666666626,1.5510835913312753
144,455009,60,136,595,131.6666666666661,1.4886075949367155
145,493603,97,110,697,158.0000000000002,1.3101265822784793
146,408061,45,114,570,130.33333333333272,1.2199488491048651
147,115629,7,44,162,35.99999999999998,1.4166666666666674
148,425844,180,662,3159,739.0000000000135,1.1393775372124284
149,475115,207,366,1727,377.3333333333299,1.5185512367491305
150,520980,91,201,1021,221.6666666666685,1.3172932330826959
151,572089,3,10,42,8.999999999999998,1.4444444444444446
152,445612,15,37,159,34.99999999999998,1.4857142857142867
153,434442,41,116,466,101.99999999999964,1.5392156862745152
154,276542,73,116,674,147.3333333333332,1.2828054298642546
155,504379,114,287,1250,267.33333333333536,1.4999999999999887
156,518886,108,132,963,228.00000000000202,1.052631578947359
157,523989,95,243,1068,233.66666666666896,1.4465049928673182
158,285064,105,220,964,199.66666666666782,1.6277128547579205
159,433589,68,287,1304,283.6666666666679,1.251468860164507
160,517414,92,211,957,202.00000000000125,1.4999999999999907
161,502004,64,187,897,204.66666666666805,1.2263843648208386
162,605359,24,72,215,40.666666666666686,2.360655737704917
163,592665,66,248,1096,244.3333333333357,1.2851296043656082
164,534910,82,223,926,199.6666666666678,1.527545909849741
165,407890,84,314,1334,287.33333333333405,1.3851508120649618
166,447714,42,106,378,73.00000000000001,2.0273972602739723
167,605309,75,138,758,166.33333333333368,1.2805611222444864
168,445926,134,467,1922,420.99999999999415,1.4275534441805424
169,474521,29,119,468,100.33333333333302,1.4750830564784099
170,472551,58,125,588,129.3333333333327,1.4149484536082544
171,491703,65,137,627,131.99999999999955,1.5303030303030356
172,547874,87,362,1486,327.99999999999915,1.3689024390243938
173,533167,119,403,1700,369.66666666666345,1.4120829576194893
174,501625,80,230,1004,224.66666666666848,1.3798219584569622
175,573046,34,123,491,98.99999999999972,1.5858585858585905
176,501925,70,191,885,200.66666666666794,1.3006644518272343
177,543408,213,439,1913,404.3333333333279,1.6125309150865839
178,571946,143,354,1499,316.3333333333328,1.5711275026343545
179,543606,248,587,2795,593.9999999999977,1.405723905723911
180,456068,167,474,1940,403.6666666666617,1.5879438480594745
181,451085,33,55,260,53.333333333333414,1.6499999999999975
182,592329,19,25,133,27.3333333333333,1.6097560975609775
183,449079,3,6,31,6.666666666666665,1.3500000000000003
184,421685,57,189,751,153.99999999999994,1.597402597402598
185,519144,211,802,3328,733.3333333333462,1.3813636363636121
186,543726,62,118,542,117.66666666666619,1.529745042492924
187,571704,83,217,1043,231.66666666666865,1.2949640287769673
188,449097,33,90,412,90.99999999999982,1.3516483516483544
189,468396,58,93,434,88.66666666666652,1.7030075187969953
190,518633,230,604,2624,558.9999999999948,1.4919499105545757
191,500779,248,742,3234,707.6666666666763,1.3989637305699292
192,430630,18,27,124,26.999999999999968,1.6666666666666687
193,457915,31,72,287,60.000000000000135,1.7166666666666628
194,435043,103,165,828,183.00000000000077,1.4644808743169337
195,474029,40,69,354,78.66666666666666,1.3855932203389831
196,518813,86,122,642,137.66666666666617,1.510895883777245
197,444857,90,318,1265,279.66666666666777,1.458879618593558
198,471911,190,634,2921,682.666666666674,1.207031249999987
199,491159,12,23,100,21.999999999999993,1.5909090909090915
200,444935,12,30,125,24.66666666666665,1.7027027027027037
201,519240,81,131,567,120.33333333333283,1.761772853185603
202,450212,36,153,745,170.00000000000045,1.1117647058823499
203,543766,100,256,1110,247.3333333333354,1.4393530997304462
204,501789,62,179,939,226.00000000000196,1.0663716814159199
205,592102,114,212,1122,251.33333333333596,1.2970822281166974
206,503449,144,383,1459,305.00000000000017,1.7278688524590153
207,572750,121,298,1131,228.33333333333533,1.835036496350349
208,453156,17,32,147,31.99999999999996,1.5312500000000018
209,446099,109,200,882,187.66666666666745,1.6465364120781458
210,434671,187,568,2365,492.66666666665645,1.5324763193505053
211,445060,125,457,1786,385.9999999999959,1.5077720207254046
212,431162,10,32,100,19.66666666666666,2.1355932203389836
213,457744,11,32,137,30.333333333333297,1.4175824175824192
214,553970,12,22,98,20.333333333333325,1.6721311475409844
215,571871,61,136,569,120.33333333333277,1.6371191135734149
216,430641,65,224,842,177.33333333333397,1.629699248120295
217,456379,44,75,354,77.33333333333329,1.538793103448277
218,465657,89,227,1054,233.3333333333353,1.3542857142857028
219,519455,154,666,2560,535.6666666666584,1.5308027380211808
220,594798,191,623,3023,703.6666666666766,1.156797726196099
221,489334,53,135,663,158.33333333333354,1.18736842105263
222,606160,93,173,691,138.333333333333,1.9228915662650647
223,595014,117,239,1186,279.6666666666679,1.2729439809296728
224,519322,74,158,702,150.9999999999998,1.5364238410596047
225,502190,175,785,3109,703.3333333333413,1.3649289099525912
226,543037,226,656,2995,679.0000000000069,1.2989690721649352
227,571561,90,144,705,148.99999999999991,1.570469798657719
228,453172,108,238,1083,247.6666666666687,1.397039030955574
229,488674,20,71,286,64.33333333333348,1.414507772020722
230,455374,74,115,589,117.66666666666613,1.606232294617571
231,491708,73,130,598,123.99999999999939,1.6370967741935565
232,543746,48,93,413,87.66666666666659,1.6083650190114083
233,543331,75,124,568,112.9999999999995,1.7610619469026627
234,453343,51,194,868,206.0000000000012,1.1893203883495076
235,467785,15,26,106,21.99999999999999,1.8636363636363646
236,435221,83,236,992,214.66666666666805,1.4860248447204873
237,488768,280,675,2785,588.3333333333312,1.6232294617563798
238,476451,183,562,2477,539.3333333333256,1.3813349814586104
239,518790,88,193,814,177.00000000000077,1.5875706214689196
240,453562,265,603,3104,724.3333333333428,1.1983433041877432
241,458681,243,486,2233,479.9999999999914,1.5187500000000271
242,543779,87,134,736,158.00000000000003,1.3987341772151896
243,279571,64,174,745,163.00000000000023,1.460122699386501
244,431148,127,295,1353,291.66666666666765,1.446857142857138
245,446321,64,149,535,105.33333333333304,2.0221518987341827
246,548337,69,145,644,141.33333333333297,1.5141509433962304
247,519096,35,250,962,226.33333333333493,1.2592047128129513
248,571439,13,27,100,18.333333333333336,2.1818181818181817
249,501381,106,463,1841,407.9999999999949,1.3946078431372724
250,285079,218,557,2433,516.9999999999901,1.499032882011634
251,476454,158,172,1167,268.00000000000216,1.2313432835820797
252,446399,66,184,808,177.6666666666672,1.4071294559099394
253,532077,54,182,960,222.66666666666845,1.0598802395209497
254,453192,83,137,919,224.0000000000019,0.9821428571428488
255,571527,32,109,351,69.3333333333334,2.033653846153844
256,475416,37,68,273,55.00000000000011,1.9090909090909054
257,430661,85,155,730,159.66666666666666,1.503131524008351
258,444520,45,131,503,101.99999999999964,1.7254901960784375
259,465629,8,63,224,48.333333333333414,1.468965517241377
260,450172,218,485,2105,450.3333333333259,1.561065877128079
261,433579,70,223,870,176.33333333333377,1.661625708884684
262,458006,67,178,778,169.0000000000003,1.4497041420118317
263,502085,99,180,1065,249.00000000000256,1.1204819277108318
264,592879,31,94,359,65.66666666666681,1.9035532994923816
265,545333,294,646,3028,663.333333333339,1.417085427135666
266,465679,12,24,96,20.33333333333333,1.770491803278689
267,641490,19,53,201,41.666666666666686,1.7279999999999993
268,430589,25,106,426,94.66666666666642,1.383802816901412
269,572888,119,279,1192,250.66666666666916,1.5877659574467928
270,502043,280,720,3000,659.0000000000047,1.5174506828527965
271,502272,24,129,490,105.66666666666632,1.447949526813885
272,488846,78,159,702,147.66666666666657,1.6049661399548543
273,450282,19,71,287,58.6666666666668,1.5340909090909056
274,452733,30,49,199,37.66666666666666,2.097345132743363
275,544931,175,483,2370,541.3333333333261,1.2155172413793267
276,518774,164,542,2255,488.99999999999034,1.4437627811861227
277,543699,247,651,2868,638.0000000000024,1.4075235109717816
278,456776,27,26,154,30.999999999999964,1.7096774193548407
279,543101,126,432,1782,389.33333333332894,1.433219178082208
280,150359,60,174,701,152.99999999999994,1.529411764705883
281,453178,244,607,2711,578.3333333333298,1.4714697406340147
282,218596,44,134,527,117.33333333333285,1.5170454545454608
283,628333,107,287,1129,236.3333333333353,1.6671368124118338
284,608665,147,480,1893,416.33333333332797,1.5060048038430938
285,607259,113,304,1217,250.33333333333576,1.6657789613848042
286,461325,120,207,1113,228.00000000000202,1.4342105263157767
287,282332,247,649,2788,591.9999999999976,1.5135135135135196
288,596057,111,294,1216,249.00000000000242,1.6265060240963698
289,543135,116,403,1657,363.6666666666638,1.4271310724106439
290,489119,252,638,2614,561.9999999999952,1.5836298932384476
291,460008,6,14,52,10.666666666666668,1.8749999999999998
292,453214,128,286,1309,279.33333333333456,1.4821002386634778
293,554431,22,21,102,20.666666666666657,2.0806451612903234
294,475243,112,249,1111,230.00000000000188,1.5695652173912915
295,548357,42,194,692,147.33333333333314,1.6018099547511333
296,489295,3,12,36,6.333333333333331,2.3684210526315796
297,429719,132,297,1323,275.0000000000016,1.559999999999991
298,502083,84,233,983,211.00000000000136,1.5023696682464358
299,430580,115,290,1124,223.33333333333505,1.8134328358208816
300,461872,51,132,605,134.33333333333283,1.3622828784119159
301,543278,72,211,885,185.6666666666675,1.5242369838420038
302,501955,22,50,211,43.6666666666667,1.6488549618320598
303,502706,213,485,2068,430.9999999999934,1.619489559164758
304,543521,172,520,2214,479.9999999999913,1.4416666666666929
305,502327,266,496,2343,462.3333333333252,1.6481614996395388
306,450306,114,335,1393,297.6666666666669,1.5083986562150042
307,502260,9,15,60,10.666666666666668,2.2499999999999996
308,502624,216,557,2507,542.9999999999932,1.4235727440147508
309,474463,88,382,1401,312.66666666666646,1.5031982942430713
310,456051,18,41,154,26.999999999999986,2.1851851851851865
311,543548,76,314,1196,242.66666666666904,1.6071428571428414
312,445590,13,48,196,44.333333333333364,1.3759398496240591
313,477003,114,337,1320,286.00000000000097,1.5769230769230715
314,592340,58,111,567,124.66666666666603,1.355614973262039
315,543219,42,102,448,96.99999999999973,1.4845360824742309
316,571666,239,672,2876,616.0000000000007,1.4788961038961022
317,502046,129,372,1458,307.0,1.6319218241042346
318,519141,220,461,2148,460.3333333333264,1.479362780593795
319,592836,168,455,2021,437.66666666666003,1.423457730388445
320,453344,30,103,487,113.66666666666622,1.1700879765395942
321,453311,64,143,534,107.33333333333296,1.9285714285714353
322,150302,15,64,217,44.000000000000036,1.795454545454544
323,407793,184,522,2378,532.6666666666578,1.3254067584480822
324,595307,24,127,449,99.33333333333302,1.5201342281879244
325,429717,46,174,770,161.00000000000014,1.3664596273291914
326,541640,127,410,1790,396.99999999999517,1.3526448362720567
327,542882,105,374,1524,328.3333333333325,1.4588832487309682
328,502032,143,323,1386,296.6666666666671,1.5707865168539303
329,279824,40,214,828,182.0000000000006,1.395604395604391
330,521230,62,210,915,199.3333333333346,1.364548494983269
331,518833,2,8,18,3.0,3.3333333333333335
332,462136,254,607,2889,580.9999999999962,1.481927710843383
333,425532,47,183,635,130.99999999999943,1.7557251908397022
334,461829,309,685,3103,678.3333333333399,1.4653562653562513
335,476589,114,256,1262,281.66666666666805,1.313609467455615
336,523260,146,288,1302,279.33333333333485,1.553699284009538
337,595441,2,2,11,1.9999999999999998,2.0000000000000004
338,434628,207,683,2796,595.3333333333309,1.494960806271003
339,433584,28,103,397,86.99999999999983,1.5057471264367845
340,457754,20,18,113,23.66666666666665,1.6056338028169026
341,425386,57,192,680,135.33333333333283,1.8399014778325191
342,607968,26,54,213,43.33333333333335,1.8461538461538454
343,605151,141,307,1387,305.6666666666667,1.465648854961832
344,460059,181,485,1804,372.6666666666631,1.787119856887316
345,518716,74,255,947,195.66666666666768,1.6814310051107237
346,519076,238,520,2296,501.33333333332376,1.511968085106412
347,474699,97,264,1010,214.3333333333345,1.6842923794712195
348,457918,219,636,2879,637.3333333333353,1.3415271966527156
349,543506,87,219,937,193.3333333333344,1.5827586206896465
350,608379,206,559,2428,533.6666666666588,1.433479075577785
351,329092,11,29,117,25.666666666666647,1.5584415584415596
352,543054,96,150,679,145.66666666666657,1.688787185354692
353,434622,217,501,2080,428.66666666666003,1.6749611197511922
354,592717,201,383,1814,402.6666666666619,1.4503311258278317
355,445170,8,17,72,13.33333333333334,1.8749999999999991
356,450729,165,475,1914,407.99999999999466,1.5686274509804128
357,434678,0,3,10,2.333333333333333,1.2857142857142858
358,543294,198,618,2877,658.6666666666705,1.2388663967611264
359,543334,16,30,98,17.000000000000007,2.7058823529411753
360,543456,37,103,392,80.99999999999993,1.7283950617283965
361,542866,20,64,237,48.66666666666672,1.726027397260272
362,451788,12,32,142,30.3333333333333,1.450549450549452
363,432934,102,242,1058,209.33333333333468,1.6433121019108174
364,519263,33,89,392,88.6666666666665,1.3759398496240627
365,519242,216,642,3240,754.3333333333492,1.1374281926645806
366,605374,12,40,129,24.999999999999982,2.0800000000000014
367,594987,4,13,45,9.666666666666664,1.7586206896551728
368,408241,65,233,972,207.66666666666808,1.4349919743178072
369,595371,2,6,16,3.0,2.6666666666666665
370,628452,121,253,1317,300.33333333333354,1.2452830188679236
371,453646,40,139,575,124.666666666666,1.4358288770053553
372,457711,34,124,429,83.9999999999999,1.8809523809523832
373,516935,3,11,46,10.333333333333334,1.3548387096774193
374,543507,55,187,782,169.3333333333338,1.4291338582677127
375,462985,20,61,274,62.6666666666668,1.2925531914893589
376,605169,11,30,167,41.00000000000001,0.9999999999999998
377,608678,54,142,592,125.99999999999935,1.5555555555555636
378,573127,16,44,196,43.33333333333337,1.3846153846153835
379,623184,90,199,865,192.0000000000009,1.5052083333333262
380,502239,152,274,1305,289.33333333333405,1.4723502304147429
381,516970,14,30,117,22.666666666666657,1.9411764705882362
382,570632,204,471,2090,456.99999999999244,1.4770240700219062
383,502748,100,182,970,218.33333333333508,1.2916030534351042
384,453307,4,24,62,11.000000000000002,2.545454545454545
385,493157,34,100,523,114.66666666666617,1.1686046511627957
386,519168,29,54,224,42.00000000000002,1.9761904761904752
387,573244,11,26,84,14.666666666666675,2.522727272727271
388,543881,15,57,215,44.333333333333364,1.6240601503759386
389,572038,15,31,128,26.666666666666643,1.7250000000000016
390,523848,23,36,174,38.666666666666664,1.5258620689655173
391,514669,7,12,68,15.333333333333343,1.239130434782608
392,573204,0,5,20,4.999999999999999,1.0000000000000002
393,571893,39,73,367,83.33333333333326,1.3440000000000012
394,592677,7,15,63,13.666666666666673,1.6097560975609748
395,553878,100,211,1115,257.00000000000273,1.210116731517497
396,489294,32,48,232,48.000000000000064,1.6666666666666645
397,456701,98,304,1079,214.66666666666828,1.8726708074534022
398,517593,172,370,1786,402.3333333333286,1.3471416735708526
399,464416,3,23,82,17.66666666666667,1.4716981132075468
400,572070,138,294,1448,322.99999999999915,1.337461300309601
401,433585,10,27,100,21.66666666666666,1.707692307692308
402,460156,18,55,246,53.00000000000009,1.3773584905660354
403,407822,191,391,1714,364.66666666666373,1.5959780621572341
404,621962,11,20,99,21.666666666666664,1.430769230769231
405,607074,240,467,2133,459.9999999999924,1.5369565217391559
406,434665,11,30,114,24.33333333333332,1.6849315068493158
407,592135,82,174,784,172.66666666666694,1.4826254826254803
408,477195,1,1,8,1.9999999999999998,1.0000000000000002
409,542674,52,82,360,74.33333333333337,1.8026905829596402
410,502593,55,162,589,126.66666666666607,1.7131578947368502
411,504186,10,33,126,26.333333333333304,1.632911392405065
412,594840,45,132,557,123.33333333333275,1.435135135135142
413,502211,87,185,784,164.66666666666694,1.6518218623481753
414,593576,96,211,1022,224.00000000000193,1.3705357142857024
415,607374,76,178,777,163.666666666667,1.5519348268839073
416,543935,70,246,1081,239.66666666666885,1.3184979137691117
417,534812,66,152,666,141.333333333333,1.5424528301886828
418,570663,117,206,1038,221.33333333333513,1.4593373493975785
419,434643,39,99,392,78.99999999999999,1.7468354430379749
420,592767,72,232,1015,212.33333333333482,1.4317111459968503
421,598264,114,222,1042,225.33333333333516,1.4911242603550174
422,605135,76,153,700,148.3333333333332,1.5438202247191024
423,451661,59,150,747,162.00000000000014,1.2901234567901223
424,435045,7,16,73,16.333333333333343,1.4081632653061216
425,476595,2,0,9,2.333333333333333,0.8571428571428572
426,518771,13,30,122,24.333333333333318,1.767123287671234
427,543942,7,5,30,5.666666666666665,2.11764705882353
428,543409,6,0,19,3.6666666666666665,1.6363636363636365
429,592390,73,201,860,180.33333333333408,1.519408502772637
430,475857,17,35,130,22.999999999999986,2.260869565217393
431,435044,3,11,45,9.333333333333332,1.5000000000000002
432,516910,30,90,349,76.33333333333331,1.5720524017467252
433,606273,76,167,745,160.00000000000023,1.5187499999999978
434,543508,15,45,135,23.99999999999998,2.500000000000002
435,592222,51,229,907,209.666666666668,1.335453100158974
436,501870,4,5,24,5.666666666666665,1.5882352941176474
437,504083,10,37,101,17.33333333333334,2.711538461538461
438,605232,138,223,1097,238.3333333333355,1.514685314685301
439,605894,19,84,295,57.000000000000114,1.8070175438596454
440,595032,30,83,391,81.66666666666657,1.3836734693877568
441,595918,70,157,663,131.6666666666661,1.7240506329114
442,453222,18,42,172,37.33333333333332,1.6071428571428577
443,542609,39,65,299,61.333333333333464,1.69565217391304
444,547179,157,328,1427,309.0000000000001,1.5695792880258894
445,542266,21,22,125,24.66666666666665,1.7432432432432443
446,605333,14,16,77,15.000000000000009,1.999999999999999
447,607405,1,3,7,1.0,4.0
448,543859,50,123,513,107.33333333333299,1.61180124223603
449,453264,3,8,24,4.333333333333333,2.5384615384615388
450,608641,11,28,131,29.3333333333333,1.3295454545454561
451,444436,17,73,281,65.00000000000011,1.3846153846153821
452,519301,62,121,556,118.33333333333277,1.5464788732394439
453,592314,217,536,2363,504.66666666665606,1.4920739762219601
454,502087,7,19,64,11.66666666666667,2.228571428571428
455,517008,102,271,1251,280.66666666666816,1.328978622327784
456,452027,20,71,275,56.333333333333464,1.6153846153846116
457,571577,2,25,74,15.000000000000007,1.7999999999999992
458,519151,84,215,993,224.00000000000193,1.334821428571417
459,594977,4,22,65,12.333333333333336,2.108108108108108
460,648737,15,25,147,32.999999999999964,1.2121212121212135
461,605477,4,5,13,1.3333333333333333,6.75
462,592815,43,101,448,97.6666666666664,1.4744027303754306
463,462515,23,65,301,63.333333333333485,1.389473684210523
464,544928,67,157,746,162.66666666666683,1.3770491803278675
465,460701,14,51,176,34.666666666666636,1.8750000000000018
466,543056,63,124,585,133.33333333333283,1.4025000000000052
467,447755,26,33,169,33.33333333333329,1.7700000000000022
468,554432,3,3,17,3.3333333333333335,1.7999999999999998
469,451532,9,53,165,33.999999999999986,1.8235294117647067
470,542587,38,64,286,57.33333333333345,1.779069767441857
471,592662,285,519,2519,549.9999999999931,1.4618181818182003
472,543921,5,19,63,12.333333333333336,1.9459459459459456
473,346847,17,49,199,41.33333333333334,1.5967741935483868
474,450275,35,103,441,93.99999999999973,1.468085106382983
475,607359,31,44,211,44.33333333333337,1.6917293233082693
476,518748,94,144,749,165.0000000000002,1.4424242424242406
477,460024,29,80,367,79.66666666666664,1.3682008368200842
478,451775,43,73,405,89.33333333333317,1.2985074626865696
479,554234,77,187,748,163.66666666666706,1.6130346232179187
480,519008,71,214,835,186.33333333333408,1.5295169946332676
481,445213,60,204,814,181.00000000000065,1.458563535911597
482,424325,0,0,6,1.9999999999999998,0.0
483,458919,20,67,253,53.33333333333343,1.6312499999999972
484,136600,1,17,35,5.999999999999999,3.0000000000000004
485,502162,3,8,22,3.666666666666667,2.9999999999999996
486,571479,11,16,95,21.999999999999986,1.227272727272728
487,572193,87,152,799,175.00000000000063,1.3657142857142808
488,500724,100,258,1098,237.66666666666865,1.5063113604487952
489,573064,62,204,835,177.33333333333402,1.4999999999999942
490,592789,129,471,2118,485.66666666665725,1.2354152367879443
491,519208,0,1,4,1.0,1.0
492,519085,48,129,494,99.66666666666633,1.7759197324414775
493,518452,175,497,2035,445.66666666665975,1.5078534031413846
494,518693,101,133,685,148.9999999999999,1.5704697986577194
495,493117,1,2,8,1.3333333333333333,2.25
496,489039,1,5,29,6.999999999999997,0.8571428571428574
497,456071,29,81,316,69.66666666666676,1.5789473684210507
498,445276,51,166,1000,233.66666666666882,0.9286733238231013
499,542432,79,95,491,100.33333333333299,1.734219269102996
500,605156,20,74,260,53.00000000000009,1.7735849056603743
501,430599,59,177,822,183.00000000000063,1.2896174863387935
502,605541,111,260,1029,205.666666666668,1.8038897893030679
503,456027,45,80,375,76.00000000000003,1.6447368421052626
504,425626,41,75,304,62.00000000000013,1.87096774193548
505,459429,63,189,811,178.0000000000007,1.415730337078646
506,621121,201,400,1914,434.6666666666604,1.3826687116564618
507,594772,16,32,135,28.333333333333297,1.6941176470588257
508,608349,104,162,888,198.33333333333445,1.3411764705882276
509,493159,12,30,136,29.666666666666632,1.4157303370786534
510,592869,45,171,637,134.66666666666615,1.6039603960396103
511,448802,209,524,2299,514.3333333333234,1.4251458198315248
512,543118,59,142,607,127.66666666666596,1.5744125326370844
513,544836,74,159,651,129.33333333333272,1.8015463917525858
514,445163,10,38,168,36.99999999999999,1.2972972972972976
515,519326,86,186,913,200.00000000000114,1.3599999999999923
516,571735,30,115,420,87.33333333333319,1.6603053435114532
517,434540,2,0,4,0.6666666666666666,3.0
518,475054,63,108,549,121.33333333333283,1.4093406593406652
519,543258,8,27,87,16.333333333333343,2.1428571428571415
520,605338,4,5,29,6.666666666666665,1.3500000000000003
521,450203,204,407,1948,437.6666666666599,1.3960396039604175
522,476570,8,22,68,12.000000000000002,2.4999999999999996
523,543734,120,383,1530,337.9999999999986,1.488165680473379
524,516589,14,17,89,19.33333333333333,1.6034482758620694
525,592341,13,50,171,33.33333333333329,1.8900000000000023
526,594986,46,117,492,110.99999999999956,1.4684684684684743
527,448281,31,100,574,128.33333333333266,1.0207792207792261
528,593958,187,464,2117,451.99999999999227,1.4402654867256883
529,571476,82,148,599,116.66666666666617,1.9714285714285797
530,543900,24,43,156,27.666666666666632,2.421686746987955
531,571656,107,200,847,170.3333333333338,1.8023483365949071
532,518863,6,20,77,16.33333333333334,1.5918367346938769
533,592346,44,70,342,71.00000000000006,1.6056338028169002
534,621281,9,31,107,21.999999999999986,1.8181818181818195
535,593140,75,166,744,156.00000000000009,1.544871794871794
536,592398,5,14,51,11.333333333333336,1.6764705882352937
537,592454,82,128,638,141.9999999999997,1.478873239436623
538,515052,20,42,156,30.333333333333297,2.0439560439560465
539,502051,22,29,167,35.999999999999986,1.4166666666666672
540,572788,37,68,310,63.66666666666685,1.6492146596858592
541,543557,198,405,1888,420.9999999999942,1.4323040380047702
542,500891,3,4,19,3.666666666666667,1.909090909090909
543,544759,18,49,241,56.6666666666668,1.1823529411764677
544,519381,30,57,278,56.66666666666676,1.5352941176470565
545,621209,16,37,156,29.999999999999964,1.7666666666666688
546,501627,1,0,3,1.0,1.0
547,605452,85,277,1153,251.00000000000256,1.4422310756971966
548,572309,8,17,70,14.333333333333341,1.744186046511627
549,456696,80,204,937,205.00000000000134,1.3853658536585276
550,543380,77,138,634,134.99999999999952,1.5925925925925983
551,502264,13,15,83,17.000000000000007,1.647058823529411
552,430911,15,25,129,28.666666666666632,1.395348837209304
553,592826,173,391,1734,369.3333333333302,1.5270758122743813
554,543045,166,341,1532,317.9999999999995,1.594339622641512
555,445968,26,37,138,25.333333333333314,2.4868421052631597
556,448855,153,305,1442,303.0000000000002,1.5115511551155105
557,547348,1,4,10,1.6666666666666665,3.0000000000000004
558,429781,8,37,114,22.999999999999986,1.956521739130436
559,491696,2,12,25,3.3333333333333335,4.2
560,543903,25,34,157,28.999999999999964,2.034482758620692
561,458678,9,29,103,20.333333333333332,1.8688524590163935
562,458730,23,37,141,28.33333333333331,2.117647058823531
563,434378,221,610,3129,691.6666666666757,1.2014457831325145
564,641627,38,79,338,72.66666666666671,1.610091743119265
565,425796,4,1,11,1.9999999999999998,2.5000000000000004
566,518653,0,3,6,0.6666666666666666,4.5
567,545338,1,3,7,0.6666666666666666,6.0
568,430605,1,1,4,0.6666666666666666,3.0
569,461815,2,2,6,0.3333333333333333,12.0
570,518764,2,2,13,3.0,1.3333333333333333
571,502522,52,113,540,118.33333333333276,1.3943661971831054
572,592570,15,27,105,20.33333333333332,2.0655737704918047
573,506560,0,0,2,0.6666666666666666,0.0
574,430613,4,8,36,7.9999999999999964,1.5000000000000007
575,605538,119,362,1468,304.66666666666663,1.5787746170678338
576,518418,7,5,23,4.0,3.0
577,453249,33,60,333,76.66666666666664,1.21304347826087
578,571951,89,190,742,148.66666666666652,1.8766816143497778
579,425543,0,2,4,1.0,2.0
580,592593,67,234,877,188.6666666666675,1.5954063604240212
581,519411,1,2,11,3.0,1.0
582,519229,2,7,14,1.9999999999999998,4.500000000000001
583,592181,6,11,54,13.000000000000004,1.3076923076923073
584,517059,4,2,15,3.3333333333333335,1.7999999999999998
585,605388,94,329,1303,274.3333333333351,1.5419198055892975
586,594736,39,162,637,138.3333333333329,1.4530120481927757
587,514981,8,15,71,15.333333333333341,1.4999999999999993
588,595001,68,134,572,117.33333333333279,1.7215909090909172
589,592527,16,20,107,21.99999999999999,1.6363636363636371
590,592705,12,35,145,30.999999999999964,1.5161290322580663
591,571710,112,197,1066,238.66666666666885,1.2946927374301558
592,458690,22,83,301,65.00000000000014,1.6153846153846119
593,571760,96,304,1314,288.0000000000011,1.3888888888888837
594,467100,159,648,2571,567.9999999999957,1.4207746478873347
595,456496,12,22,113,24.99999999999998,1.3600000000000012
596,608167,5,16,53,10.0,2.1
597,541652,75,112,520,105.33333333333296,1.7753164556962089
598,543542,66,77,425,90.33333333333314,1.583025830258306
599,489267,1,2,10,1.9999999999999998,1.5000000000000002
600,519169,8,26,80,14.333333333333341,2.372093023255813
601,500610,25,98,401,85.3333333333332,1.4414062500000022
602,543698,4,15,46,8.33333333333333,2.2800000000000007
603,571510,172,471,1986,399.99999999999505,1.60750000000002
604,571927,137,380,1652,367.33333333333,1.407441016333951
605,538506,1,4,16,2.333333333333333,2.1428571428571432
606,592781,5,14,44,6.999999999999998,2.714285714285715
607,502010,9,28,84,15.333333333333337,2.4130434782608687
608,502462,6,21,74,15.666666666666677,1.7234042553191478
609,502281,2,1,7,1.3333333333333333,2.25
610,519043,225,586,2383,489.9999999999906,1.6551020408163581
611,605228,77,210,1002,232.00000000000205,1.2370689655172304
612,430912,113,331,1240,247.33333333333567,1.7951482479784198
613,544365,15,30,122,24.66666666666665,1.8243243243243255
614,573185,217,453,2166,457.9999999999919,1.4628820960698947
615,598287,61,110,526,112.33333333333286,1.5222551928783448
616,592612,66,123,541,114.6666666666662,1.648255813953495
617,467094,27,87,332,69.00000000000011,1.6521739130434756
618,571578,207,638,2691,597.6666666666648,1.4138315672058048
619,453385,178,527,2031,446.9999999999933,1.5771812080537149
620,543716,17,49,165,31.333333333333297,2.1063829787234067
621,594815,9,29,99,19.0,2.0
622,429722,177,480,2190,472.99999999999085,1.3890063424947414
623,572403,54,134,576,125.66666666666607,1.4960212201591583
624,474668,29,59,214,37.333333333333336,2.357142857142857
625,527055,79,136,713,157.00000000000003,1.3694267515923564
626,518526,0,6,17,3.3333333333333335,1.7999999999999998
627,594951,26,34,198,42.00000000000003,1.4285714285714277
628,542923,7,14,46,7.666666666666664,2.7391304347826098
629,457448,6,19,69,14.666666666666671,1.704545454545454
630,444836,4,8,33,6.666666666666664,1.8000000000000007
631,425835,6,16,46,6.666666666666664,3.300000000000001
632,571521,23,32,153,32.33333333333329,1.7010309278350537
633,545404,6,10,39,6.999999999999997,2.2857142857142865
634,572889,0,2,2,0.0,
635,516769,2,4,27,7.33333333333333,0.8181818181818186
636,527048,213,630,2408,515.6666666666576,1.6347769877181928
637,400089,1,8,25,4.999999999999999,1.8000000000000003
638,450665,44,95,390,77.99999999999997,1.7820512820512826
639,598271,51,139,574,117.99999999999942,1.6101694915254317
640,518420,8,11,59,12.000000000000004,1.5833333333333328
641,593582,6,9,36,5.666666666666665,2.6470588235294126
642,605400,172,493,2334,540.9999999999919,1.2292051756007578
643,643327,200,416,1906,426.6666666666604,1.4437500000000212
644,545346,9,19,65,11.66666666666667,2.3999999999999995
645,571584,16,46,162,31.999999999999954,1.9375000000000029
646,580792,46,90,434,89.66666666666644,1.5167286245353198
647,571787,58,99,408,79.66666666666663,1.9707112970711307
648,572102,55,107,440,84.3333333333332,1.9209486166007936
649,543094,0,2,5,1.0,2.0
650,474284,29,40,204,39.00000000000001,1.769230769230769
651,621408,19,27,125,24.333333333333318,1.8904109589041107
652,572308,28,56,243,51.000000000000085,1.647058823529409
653,425560,0,0,3,0.6666666666666666,0.0
654,607068,1,6,18,3.666666666666667,1.909090909090909
655,623395,74,92,468,91.99999999999979,1.8043478260869608
656,599998,25,30,163,34.66666666666664,1.5865384615384626
657,596064,48,85,375,74.00000000000003,1.7972972972972967
658,592351,177,498,2112,456.9999999999919,1.477024070021908
659,489138,1,0,3,0.6666666666666666,1.5
660,622663,160,454,2132,478.99999999999096,1.28183716075159
661,608648,82,328,1255,273.6666666666684,1.4981729598051063
662,429780,12,34,159,35.999999999999986,1.2777777777777783
663,518858,49,97,534,122.66666666666609,1.1902173913043534
664,607457,143,150,939,204.33333333333468,1.4339314845024376
665,592091,19,55,218,45.6666666666667,1.6204379562043785
666,594857,18,40,160,30.99999999999996,1.8709677419354862
667,453203,1,0,4,1.0,1.0
668,542888,24,46,239,54.00000000000011,1.2962962962962938
669,429400,27,27,125,23.999999999999982,2.2500000000000018
670,607067,64,131,588,126.3333333333327,1.5435356200527781
671,543424,57,157,590,118.66666666666616,1.8033707865168616
672,502166,2,7,23,3.3333333333333335,2.6999999999999997
673,458708,67,492,1883,416.33333333332786,1.3426741393114667
674,493247,68,126,610,138.66666666666637,1.3990384615384646
675,543607,9,16,67,12.666666666666673,1.9736842105263148
676,449170,7,13,56,10.0,2.0
677,456121,0,0,1,0.3333333333333333,0.0
678,459967,7,16,84,19.000000000000004,1.2105263157894735
679,543518,4,12,35,6.333333333333332,2.5263157894736845
680,595191,121,379,1622,344.3333333333314,1.4520813165537352
681,150116,16,46,162,31.999999999999957,1.9375000000000027
682,605317,3,13,31,4.999999999999999,3.2000000000000006
683,444446,14,17,77,14.33333333333334,2.1627906976744176
684,519186,13,21,92,17.66666666666667,1.924528301886792
685,434137,9,20,85,19.000000000000007,1.5263157894736836
686,501563,22,43,201,44.00000000000003,1.4772727272727264
687,545064,12,28,108,22.999999999999993,1.7391304347826093
688,468504,238,487,2306,499.6666666666565,1.4509673115410568
689,453895,0,2,8,1.6666666666666665,1.2000000000000002
690,430404,0,3,6,1.0,3.0
691,543261,5,34,90,17.666666666666668,2.2075471698113205
692,611093,40,83,385,77.33333333333334,1.59051724137931
693,594742,48,127,527,104.66666666666632,1.6719745222929991
694,605226,7,16,72,14.666666666666673,1.5681818181818175
695,623430,49,121,634,135.9999999999996,1.2500000000000036
696,602083,14,21,87,17.000000000000004,2.0588235294117645
697,489002,16,21,104,18.000000000000004,2.0555555555555554
698,594835,51,238,889,193.3333333333343,1.494827586206889
699,593423,55,127,502,102.99999999999964,1.766990291262142
700,425856,16,34,179,41.000000000000014,1.2195121951219507
701,518397,69,148,663,157.0000000000001,1.3821656050955404
702,457732,24,51,244,52.33333333333343,1.4331210191082777
703,605396,17,45,179,36.33333333333332,1.7064220183486245
704,605200,148,463,1922,420.99999999999454,1.4513064133016815
705,595235,8,14,57,10.333333333333334,2.129032258064516
706,543964,42,57,310,67.33333333333344,1.4702970297029678
707,592426,56,123,498,98.99999999999969,1.8080808080808137
708,543803,0,3,13,2.6666666666666665,1.125
709,516414,18,29,131,26.666666666666647,1.7625000000000013
710,612272,2,5,24,5.333333333333332,1.3125000000000002
711,572021,54,108,491,103.66666666666634,1.56270096463023
712,605304,29,78,300,60.33333333333344,1.773480662983422
713,543594,12,35,134,25.333333333333314,1.8552631578947383
714,605218,92,83,643,150.3333333333332,1.164079822616409
715,488786,59,89,439,89.99999999999986,1.644444444444447
716,516714,29,52,216,42.33333333333335,1.9133858267716528
717,543901,18,79,307,71.33333333333336,1.3598130841121492
718,596331,10,17,86,17.666666666666668,1.5283018867924527
719,518715,86,149,746,164.66666666666697,1.4271255060728718
720,594762,2,1,12,3.0,1.0
721,573186,171,545,2245,514.3333333333239,1.3920933246921836
722,448179,155,298,1647,371.66666666666305,1.2188340807175007
723,543351,1,7,20,4.333333333333333,1.8461538461538463
724,544725,1,1,5,1.0,2.0
725,493351,1,1,5,1.0,2.0
726,572362,18,140,564,133.6666666666662,1.1820448877805527
727,543391,19,77,262,51.000000000000085,1.8823529411764675
728,217096,6,12,37,6.333333333333332,2.842105263157895
729,595465,34,61,325,74.66666666666669,1.2723214285714282
730,553872,0,3,22,5.999999999999998,0.5000000000000001
731,605288,10,14,67,14.000000000000004,1.7142857142857137
732,605347,30,75,291,62.33333333333349,1.6844919786096213
733,457456,1,3,11,2.333333333333333,1.7142857142857144
734,400085,0,2,5,1.0,2.0
735,493200,59,175,851,187.33333333333417,1.249110320284692
736,545332,48,82,402,85.33333333333329,1.5234375000000009
737,488748,78,110,681,140.66666666666632,1.336492890995264
738,606131,151,431,1598,342.6666666666649,1.6984435797665456
739,592127,33,49,224,45.000000000000036,1.8222222222222209
740,449104,16,34,155,30.333333333333297,1.6483516483516503
741,501817,51,137,603,134.99999999999957,1.392592592592597
742,543022,258,375,1795,391.3333333333292,1.6175468483816184
743,628317,145,386,1810,403.33333333332814,1.3165289256198516
744,502028,82,165,713,154.33333333333334,1.6004319654427646
745,621199,56,140,638,143.6666666666664,1.364269141531325
746,458537,12,15,53,7.666666666666663,3.521739130434784
747,607231,93,162,785,167.66666666666688,1.5208747514910517
748,605164,166,449,1925,404.6666666666616,1.5197693574959004
749,596112,90,139,616,120.6666666666661,1.8977900552486278
750,621385,35,90,359,71.66666666666671,1.7441860465116268
751,607352,98,290,1142,243.00000000000207,1.5967078189300274
752,606965,67,171,920,211.66666666666802,1.1244094488188905
753,548389,73,288,1229,281.00000000000153,1.2846975088967902
754,570666,50,151,641,139.333333333333,1.4425837320574197
755,456167,87,192,848,163.6666666666669,1.7046843177189384
756,425426,20,60,232,50.33333333333341,1.5894039735099315
757,501936,1,2,15,4.333333333333333,0.6923076923076924
758,543532,17,23,84,13.666666666666671,2.926829268292682
759,519437,19,29,158,33.666666666666636,1.425742574257427
760,543017,39,32,207,44.66666666666672,1.5895522388059682
761,657670,12,23,86,16.66666666666667,2.099999999999999
762,573124,63,164,762,174.66666666666717,1.2996183206106833
763,571882,34,105,449,98.33333333333306,1.4135593220339022
764,595345,18,42,203,44.33333333333338,1.3533834586466151
765,621295,40,125,545,120.33333333333273,1.371191135734079
766,502457,6,15,48,8.666666666666664,2.423076923076924
767,571035,21,28,112,20.0,2.45
768,643325,3,11,44,10.0,1.4
769,608032,48,89,397,79.3333333333333,1.7268907563025218
770,643297,6,16,55,10.333333333333334,2.129032258064516
771,570714,16,41,154,30.66666666666662,1.8586956521739157
772,605483,175,318,1654,372.99999999999665,1.321715817694382
773,594760,45,87,343,66.00000000000014,1.9999999999999958
774,501697,69,135,572,120.33333333333283,1.695290858725769
775,592811,60,161,705,155.33333333333346,1.4227467811158787
776,572990,17,22,91,16.666666666666675,2.339999999999999
777,456124,1,8,23,4.999999999999999,1.8000000000000003
778,621244,175,364,1698,358.666666666664,1.5027881040892304
779,457779,1,7,15,2.333333333333333,3.428571428571429
780,605242,150,414,1885,423.666666666661,1.3312352478363672
781,640455,146,443,1947,425.33333333332723,1.384796238244534
782,657205,41,31,182,33.3333333333333,2.1600000000000024
783,534947,82,188,820,172.00000000000045,1.569767441860461
784,543169,62,128,565,126.33333333333279,1.5039577836411675
785,544150,42,112,491,109.66666666666622,1.404255319148942
786,605525,14,26,126,25.666666666666647,1.5584415584415596
787,572033,0,0,2,0.3333333333333333,0.0
788,534737,23,88,301,61.66666666666679,1.7999999999999963
789,594943,8,93,351,77.99999999999996,1.2948717948717956
790,456713,54,124,591,125.66666666666599,1.4164456233421827
791,643550,3,6,16,1.9999999999999998,4.500000000000001
792,599683,56,122,489,99.33333333333302,1.791946308724838
793,518883,10,31,112,22.999999999999982,1.7826086956521754
794,643338,51,147,753,177.0000000000007,1.1186440677966056
795,571969,5,0,14,2.6666666666666665,1.875
796,542884,1,4,11,1.3333333333333333,3.75
797,594027,34,67,278,56.000000000000114,1.8035714285714248
798,621219,13,14,91,20.333333333333332,1.3278688524590165
799,605182,163,306,1551,339.3333333333311,1.382121807465628
800,517448,7,15,67,13.333333333333337,1.6499999999999995
801,514913,0,2,5,1.0,2.0
802,545357,12,20,84,17.33333333333334,1.8461538461538456
803,500765,11,27,94,19.666666666666668,1.9322033898305084
804,642229,23,78,266,53.666666666666764,1.881987577639748
805,571963,8,9,47,9.333333333333332,1.8214285714285716
806,573188,7,18,75,16.33333333333334,1.5306122448979587
807,572208,8,9,45,8.666666666666664,1.9615384615384621
808,623439,17,62,262,57.33333333333346,1.3779069767441832
809,628711,50,105,451,95.66666666666647,1.6202090592334528
810,542953,20,72,306,67.66666666666679,1.359605911330047
811,506433,123,276,1363,303.6666666666667,1.3139407244785948
812,546276,16,33,116,21.999999999999982,2.2272727272727293
813,542947,27,118,491,115.66666666666622,1.2536023054755092
814,608717,90,223,926,199.00000000000122,1.5728643216080305
815,607320,4,32,126,29.666666666666643,1.2134831460674167
816,542194,12,7,35,4.333333333333333,4.384615384615385
817,606930,65,132,628,136.99999999999955,1.4379562043795668
818,502285,1,1,5,0.3333333333333333,6.0
819,621242,76,130,776,175.66666666666728,1.1726755218216278
820,592791,122,430,1791,400.99999999999517,1.3765586034912884
821,543776,0,1,4,1.0,1.0
822,608638,30,51,236,52.66666666666677,1.5379746835443007
823,641501,14,17,67,12.333333333333337,2.5135135135135127
824,596043,75,222,978,213.33333333333493,1.3921874999999895
825,542881,120,372,1579,345.6666666666645,1.4233365477338564
826,539438,2,2,7,1.0,4.0
827,573589,49,48,278,55.66666666666678,1.7425149700598768
828,621107,75,276,1102,234.00000000000216,1.4999999999999862
829,642003,59,123,497,105.99999999999963,1.7169811320754778
830,461865,7,6,27,3.3333333333333335,3.9
831,592716,7,32,117,24.999999999999982,1.5600000000000012
832,489197,2,2,6,0.6666666666666666,6.0
833,518560,35,72,314,64.33333333333347,1.663212435233157
834,615868,1,2,10,1.9999999999999998,1.5000000000000002
835,592433,34,55,237,49.00000000000006,1.8163265306122427
836,519344,12,29,99,17.666666666666668,2.320754716981132
837,591693,54,127,590,127.99999999999936,1.414062500000007
838,453281,72,274,1198,265.66666666666885,1.3023839397741424
839,460077,3,3,11,1.3333333333333333,4.5
840,592614,13,78,233,45.333333333333364,2.0073529411764692
841,641771,139,321,1360,287.6666666666674,1.5990730011587444
842,606291,20,31,162,35.99999999999998,1.4166666666666674
843,608337,133,223,1056,218.33333333333505,1.6305343511450254
844,503444,24,65,276,56.666666666666785,1.5705882352941143
845,592779,43,84,363,71.6666666666667,1.7720930232558132
846,607625,82,244,1108,252.00000000000256,1.2936507936507806
847,572365,1,2,5,1.0,3.0
848,446381,0,1,4,0.6666666666666666,1.5
849,600301,2,2,8,1.3333333333333333,3.0
850,534606,0,3,8,1.6666666666666665,1.8000000000000003
851,596049,5,9,27,4.333333333333333,3.230769230769231
852,449173,33,56,242,50.66666666666674,1.7565789473684184
853,592407,0,4,14,2.6666666666666665,1.5
854,664641,90,193,935,193.00000000000102,1.4663212435233084
855,471083,3,4,14,2.333333333333333,3.0000000000000004
856,460269,1,19,50,7.9999999999999964,2.5000000000000013
857,593969,6,16,70,12.666666666666671,1.7368421052631573
858,451783,5,12,42,7.9999999999999964,2.125000000000001
859,607706,1,10,22,3.666666666666667,2.9999999999999996
860,572044,13,61,185,33.99999999999998,2.1764705882352953
861,572119,12,15,54,8.33333333333333,3.240000000000001
862,643230,101,170,745,149.99999999999994,1.8066666666666673
863,600917,84,58,490,104.66666666666626,1.3566878980891772
864,571670,32,95,388,83.99999999999989,1.5119047619047639
865,592419,0,1,4,0.6666666666666666,1.5
866,607192,119,192,882,182.33333333333417,1.7056672760511804
867,547943,67,204,889,198.66666666666785,1.3640939597315356
868,571572,7,12,50,8.999999999999998,2.1111111111111116
869,571473,22,27,140,27.333333333333304,1.7926829268292703
870,643354,35,91,362,73.66666666666669,1.710407239819004
871,545363,40,95,339,65.6666666666668,2.0558375634517727
872,608334,53,65,318,60.333333333333485,1.9558011049723707
873,625643,122,261,1211,242.00000000000225,1.5826446280991588
874,606983,22,48,234,50.66666666666674,1.381578947368419
875,594795,19,33,204,44.33333333333337,1.1729323308270667
876,594577,24,83,287,55.66666666666676,1.9221556886227513
877,640463,48,115,449,95.33333333333306,1.7097902097902147
878,572140,104,268,1119,236.6666666666687,1.5718309859154795
879,596143,0,1,7,1.9999999999999998,0.5000000000000001
880,446185,3,9,29,6.333333333333332,1.8947368421052635
881,643355,6,18,65,14.333333333333341,1.674418604651162
882,621381,61,82,490,107.6666666666662,1.3281733746130089
883,605397,82,289,1205,266.00000000000216,1.3947368421052517
884,592130,53,109,514,104.33333333333297,1.552715654952082
885,572831,29,49,211,43.33333333333335,1.7999999999999994
886,547007,20,28,155,33.33333333333329,1.4400000000000017
887,624586,27,68,305,69.33333333333343,1.3701923076923057
888,453284,50,120,610,138.33333333333297,1.2289156626506057
889,622097,70,117,523,106.33333333333292,1.7586206896551793
890,572283,5,12,37,6.333333333333331,2.6842105263157903
891,434672,36,74,351,74.66666666666669,1.4732142857142854
892,621052,26,36,205,44.00000000000002,1.4090909090909085
893,500871,0,1,4,0.6666666666666666,1.5
894,594311,11,18,85,17.66666666666667,1.6415094339622638
895,592169,33,81,358,77.66666666666664,1.4678111587982836
896,571539,14,25,83,14.333333333333341,2.720930232558138
897,592422,8,17,58,11.666666666666668,2.142857142857143
898,593679,17,65,235,48.33333333333338,1.6965517241379295
899,596133,89,255,1031,217.00000000000153,1.5852534562211869
900,571911,6,2,18,3.3333333333333335,2.4
901,497807,6,20,69,13.666666666666675,1.9024390243902427
902,643603,0,3,9,1.9999999999999998,1.5000000000000002
903,570240,55,127,580,122.99999999999937,1.479674796747975
904,642239,19,37,154,31.66666666666663,1.7684210526315811
905,608718,53,210,861,184.0000000000008,1.4293478260869503
906,519294,47,91,370,71.3333333333334,1.9345794392523346
907,656546,68,158,631,130.33333333333277,1.7340153452685496
908,475247,0,3,7,1.0,3.0
909,606167,61,132,548,112.99999999999956,1.7079646017699182
910,592170,37,134,545,115.99999999999953,1.4741379310344886
911,534627,0,0,3,1.0,0.0
912,607229,99,256,1082,231.0000000000019,1.5367965367965242
913,621294,12,16,83,16.66666666666667,1.6799999999999995
914,592872,19,22,110,21.999999999999986,1.8636363636363649
915,553883,2,4,24,5.333333333333332,1.1250000000000002
916,656186,40,65,337,70.00000000000007,1.4999999999999984
917,605222,9,17,61,12.333333333333336,2.108108108108108
918,592330,7,12,46,8.999999999999996,2.111111111111112
919,573668,63,86,441,90.6666666666665,1.6433823529411795
920,623406,4,10,55,13.66666666666667,1.0243902439024388
921,582494,29,38,207,43.333333333333364,1.546153846153845
922,656547,35,106,481,100.99999999999966,1.3960396039604008
923,502171,104,379,1514,327.33333333333235,1.4755600814663996
924,543195,8,9,56,12.333333333333337,1.3783783783783778
925,605152,6,7,33,6.666666666666665,1.9500000000000004
926,573009,2,7,16,2.6666666666666665,3.375
927,572086,8,15,48,7.33333333333333,3.1363636363636376
928,517629,2,5,17,3.3333333333333335,2.1
929,571616,8,29,111,22.666666666666654,1.6323529411764715
930,430634,1,5,22,5.333333333333332,1.1250000000000002
931,594985,0,10,19,2.6666666666666665,3.75
932,592254,13,23,96,17.000000000000007,2.1176470588235285
933,593974,66,122,530,107.66666666666627,1.7461300309597587
934,593417,23,53,211,42.6666666666667,1.7812499999999987
935,621389,91,320,1268,279.6666666666681,1.4696066746126266
936,622795,21,46,190,36.66666666666664,1.8272727272727285
937,605194,61,153,679,133.3333333333328,1.6050000000000064
938,607727,2,5,17,3.6666666666666674,1.9090909090909087
939,592866,125,310,1407,309.6666666666667,1.4047362755651236
940,608566,131,381,1618,358.9999999999972,1.4261838440111532
941,600944,13,48,185,40.33333333333334,1.5123966942148757
942,641838,40,131,533,120.3333333333328,1.4210526315789536
943,571863,35,99,432,96.99999999999982,1.3814432989690748
944,476123,10,9,49,8.999999999999998,2.1111111111111116
945,544930,1,7,21,4.0,2.0
946,570257,24,45,173,34.66666666666665,1.9903846153846163
947,452061,1,8,28,6.333333333333332,1.4210526315789476
948,543483,31,63,270,55.0000000000001,1.709090909090906
949,600526,22,66,298,65.00000000000014,1.3538461538461508
950,592644,26,83,344,67.33333333333346,1.6188118811881158
951,643493,44,175,665,143.66666666666634,1.52436194895592
952,501985,69,195,949,208.3333333333348,1.2671999999999912
953,592120,9,9,41,7.666666666666663,2.347826086956523
954,622766,40,60,278,54.333333333333435,1.8404907975460087
955,595234,10,32,116,23.33333333333331,1.8000000000000018
956,608328,19,49,200,39.33333333333333,1.7288135593220342
957,622608,85,222,955,210.33333333333476,1.4595879556259805
958,606959,15,38,123,21.66666666666665,2.446153846153848
959,664701,10,26,105,21.999999999999986,1.6363636363636374
960,607237,70,130,587,123.99999999999949,1.6129032258064582
961,607536,147,351,1534,332.33333333333195,1.4984954864593845
962,554430,107,247,1132,250.66666666666904,1.412234042553178
963,276520,21,94,324,63.333333333333506,1.8157894736842055
964,623149,48,120,528,112.66666666666619,1.4911242603550359
965,623434,9,21,75,16.000000000000007,1.8749999999999991
966,596271,38,105,370,73.00000000000007,1.9589041095890392
967,596001,92,283,1183,252.66666666666922,1.4841688654353413
968,656756,64,165,765,167.33333333333363,1.3685258964143403
969,492841,0,1,4,1.0,1.0
970,641729,36,84,366,74.66666666666667,1.607142857142857
971,592229,88,212,852,181.0000000000007,1.6574585635359051
972,641438,27,56,277,63.000000000000135,1.3174603174603146
973,606424,49,106,504,105.99999999999962,1.4622641509434016
974,592233,4,26,62,10.666666666666668,2.8124999999999996
975,607219,98,246,1030,217.333333333335,1.5828220858895585
976,430947,1,0,4,1.3333333333333333,0.75
977,491624,12,41,140,28.66666666666664,1.8488372093023273
978,570810,24,42,173,34.99999999999998,1.8857142857142868
979,596720,20,54,224,49.66666666666675,1.4899328859060377
980,554374,22,14,108,23.333333333333318,1.5428571428571438
981,629496,7,12,90,20.999999999999993,0.9047619047619051
982,643410,52,125,519,108.66666666666625,1.6288343558282272
983,608700,0,5,14,3.0,1.6666666666666667
984,601713,117,307,1282,277.0000000000015,1.530685920577609
985,641941,31,94,460,96.66666666666639,1.2931034482758659
986,621237,39,66,387,89.9999999999998,1.1666666666666692
987,592833,9,17,65,10.666666666666668,2.4374999999999996
988,519443,29,71,333,74.6666666666667,1.3392857142857137
989,641871,28,74,320,68.66666666666679,1.4854368932038808
990,458676,3,18,52,8.33333333333333,2.520000000000001
991,518445,36,95,330,66.66666666666676,1.9649999999999974
992,543208,71,216,865,185.00000000000082,1.5513513513513444
993,606149,8,32,134,30.3333333333333,1.3186813186813202
994,592773,40,71,359,78.0,1.4230769230769231
995,500872,31,57,269,57.333333333333435,1.5348837209302297
996,502212,42,130,502,104.66666666666629,1.6433121019108339
997,584171,40,118,467,100.33333333333299,1.5747508305647895
998,502179,13,23,109,21.333333333333325,1.6875000000000007
999,572955,23,40,193,41.66666666666668,1.5119999999999996
1000,502273,0,3,6,1.0,3.0
1001,543357,2,7,22,4.333333333333333,2.076923076923077
1002,608716,47,85,424,89.9999999999998,1.46666666666667
1003,659275,60,88,486,105.33333333333299,1.405063291139245
1004,543652,12,22,99,20.999999999999996,1.6190476190476193
1005,455376,6,7,31,5.999999999999998,2.1666666666666674
1006,605154,32,80,418,92.9999999999998,1.2043010752688197
1007,607215,37,96,386,78.66666666666663,1.6906779661016957
1008,605528,4,6,18,3.0,3.3333333333333335
1009,621056,18,42,181,38.66666666666667,1.5517241379310343
1010,594056,12,25,94,18.666666666666668,1.982142857142857
1011,620982,18,39,148,27.666666666666636,2.0602409638554238
1012,600968,23,54,215,45.66666666666671,1.6861313868613124
1013,643329,16,14,62,11.66666666666667,2.5714285714285707
1014,594902,50,131,520,102.66666666666634,1.7629870129870184
1015,607188,72,131,639,132.6666666666661,1.5301507537688508
1016,433217,0,1,2,0.0,
1017,642564,39,51,249,50.3333333333334,1.788079470198673
1018,571676,0,4,9,2.0,2.0
1019,543031,11,27,91,16.00000000000001,2.3749999999999982
1020,650828,27,77,351,77.33333333333334,1.3448275862068964
1021,623352,57,61,495,117.99999999999945,1.0000000000000047
1022,656794,145,237,1152,246.33333333333576,1.5507442489850998
1023,593334,47,92,437,92.3333333333331,1.5054151624548775
1024,642231,37,58,267,54.333333333333414,1.7484662576687091
1025,664208,40,91,394,82.9999999999999,1.57831325301205
1026,543867,10,30,89,16.66666666666667,2.3999999999999995
1027,434563,2,2,7,0.6666666666666666,6.0
1028,622703,2,3,14,3.0,1.6666666666666667
1029,605254,40,141,519,109.9999999999996,1.6454545454545515
1030,545348,2,13,67,13.000000000000005,1.1538461538461533
1031,641427,25,59,247,53.000000000000085,1.584905660377356
1032,572728,11,33,137,27.666666666666636,1.5903614457831343
1033,621058,9,60,244,50.66666666666676,1.3618421052631555
1034,605428,1,9,21,3.0,3.3333333333333335
1035,605195,48,67,390,83.33333333333324,1.3800000000000014
1036,622161,17,46,178,38.66666666666667,1.629310344827586
1037,622491,89,222,1069,243.33333333333553,1.2780821917808103
1038,657610,38,113,489,110.33333333333289,1.3685800604229663
1039,571948,26,39,177,33.66666666666663,1.9306930693069329
1040,643778,15,31,126,24.666666666666654,1.8648648648648658
1041,607473,32,85,375,83.33333333333323,1.4040000000000017
1042,502011,0,5,10,2.0,2.5
1043,627262,1,7,23,4.0,2.0
1044,594992,21,43,176,36.33333333333333,1.7614678899082572
1045,592473,14,47,182,40.000000000000014,1.5249999999999995
1046,642098,17,56,189,38.33333333333333,1.9043478260869569
1047,493114,2,1,6,1.0,3.0
1048,592753,0,0,3,0.6666666666666666,0.0
1049,621112,25,91,357,79.99999999999993,1.4500000000000013
1050,623451,28,69,285,58.33333333333345,1.6628571428571395
1051,608652,27,42,202,41.33333333333334,1.669354838709677
1052,602928,2,14,36,7.333333333333331,2.1818181818181825
1053,445055,0,1,4,0.6666666666666666,1.5
1054,622217,23,40,177,35.33333333333331,1.7830188679245296
1055,613534,12,5,36,5.666666666666665,3.000000000000001
1056,592761,46,84,415,83.66666666666656,1.5537848605577709
1057,552640,24,67,247,51.3333333333334,1.7727272727272705
1058,573016,2,2,11,2.333333333333333,1.7142857142857144
1059,607455,16,38,171,35.999999999999986,1.5000000000000007
1060,487675,3,15,64,13.666666666666673,1.3170731707317067
1061,614179,4,5,25,4.666666666666666,1.9285714285714288
1062,643414,2,6,20,4.0,2.0
1063,592592,0,5,8,0.6666666666666666,7.5
1064,607481,27,53,235,50.66666666666672,1.5789473684210509
1065,541650,3,8,24,4.333333333333333,2.5384615384615388
1066,623167,44,76,274,50.3333333333334,2.3841059602648977
1067,644428,18,21,120,23.99999999999998,1.6250000000000016
1068,592279,8,24,86,17.666666666666668,1.811320754716981
1069,474039,0,0,2,0.6666666666666666,0.0
1070,623913,0,5,9,1.0,5.0
1071,607200,31,80,296,64.33333333333346,1.7253886010362662
1072,657681,9,17,94,19.999999999999996,1.3000000000000003
1073,518614,1,4,21,4.0,1.25
1074,608371,42,79,333,65.00000000000016,1.8615384615384571
1075,623454,5,23,73,13.33333333333334,2.099999999999999
1076,605540,33,79,361,78.66666666666664,1.4237288135593225
1077,608331,38,56,265,58.33333333333345,1.6114285714285683
1078,518566,17,26,146,34.33333333333329,1.2524271844660209
1079,608650,1,7,21,3.666666666666667,2.1818181818181817
1080,635903,11,26,95,17.000000000000004,2.1764705882352935
1081,600986,12,21,89,17.66666666666667,1.8679245283018864
1082,571697,2,2,7,1.0,4.0
1083,600965,6,28,91,18.666666666666664,1.8214285714285716
1084,641835,20,57,230,49.000000000000064,1.5714285714285694
1085,642083,9,29,124,25.99999999999998,1.4615384615384628
1086,572998,15,23,98,19.999999999999993,1.9000000000000006
1087,642073,14,13,108,23.333333333333318,1.157142857142858
1088,641850,6,8,40,7.33333333333333,1.9090909090909098
1089,605441,26,58,238,48.00000000000008,1.7499999999999971
1090,643320,8,17,63,12.666666666666673,1.9736842105263148
1091,591701,4,11,32,5.666666666666665,2.6470588235294126
1092,621345,26,70,320,68.66666666666676,1.3980582524271827
1093,605795,1,16,54,11.000000000000002,1.5454545454545452
1094,519048,0,2,5,1.0,2.0
1095,595928,7,17,68,14.000000000000005,1.7142857142857135
1096,595411,8,21,87,19.333333333333332,1.5
1097,643617,12,44,147,28.999999999999957,1.9310344827586234
1098,607162,5,12,32,5.666666666666666,3.0000000000000004
1099,641816,71,144,600,123.99999999999943,1.7338709677419435
1100,605204,1,2,11,1.9999999999999998,1.5000000000000002
1101,607951,7,4,28,5.333333333333332,2.0625000000000004
1102,594580,3,13,35,6.666666666666665,2.4000000000000004
1103,596071,37,66,269,54.00000000000009,1.907407407407404
1104,656427,81,131,710,159.00000000000014,1.3333333333333321
1105,570702,14,9,95,21.666666666666664,1.0615384615384618
1106,594867,13,18,71,12.000000000000004,2.5833333333333326
1107,600921,3,10,24,3.0,4.333333333333333
1108,521655,21,53,215,43.00000000000003,1.7209302325581384
1109,503566,1,3,8,1.3333333333333333,3.0
1110,642008,16,50,185,34.666666666666636,1.9038461538461555
1111,621094,1,7,30,6.666666666666664,1.2000000000000004
1112,608601,15,41,161,32.99999999999997,1.6969696969696983
1113,593144,28,67,310,69.33333333333343,1.3701923076923057
1114,596027,13,13,57,10.666666666666668,2.4374999999999996
1115,645261,31,34,187,37.66666666666666,1.7256637168141598
1116,547982,0,3,5,0.6666666666666666,4.5
1117,592499,19,67,222,43.66666666666669,1.9694656488549607
1118,605240,26,49,251,55.33333333333345,1.355421686746985
1119,622505,12,37,158,33.999999999999964,1.4411764705882368
1120,606625,40,40,291,64.66666666666681,1.2371134020618528
1121,596816,3,29,75,12.66666666666667,2.5263157894736836
1122,592865,28,57,256,53.33333333333343,1.5937499999999971
1123,627894,16,48,205,43.6666666666667,1.465648854961831
1124,542963,0,1,4,1.0,1.0
1125,621111,51,106,587,137.99999999999955,1.1376811594202936
1126,502130,2,7,20,2.6666666666666665,3.375
1127,592547,34,48,233,48.66666666666669,1.6849315068493143
1128,644364,22,60,289,65.33333333333346,1.2551020408163243
1129,622382,16,40,185,38.33333333333332,1.4608695652173918
1130,627500,3,9,36,7.666666666666663,1.5652173913043486
1131,658792,5,18,81,17.66666666666667,1.30188679245283
1132,656945,31,57,250,52.333333333333414,1.6815286624203796
1133,622492,11,18,67,13.000000000000004,2.23076923076923
1134,641745,52,133,584,131.66666666666606,1.4050632911392469
1135,657612,16,46,198,44.33333333333337,1.3984962406015025
1136,572143,44,90,358,69.0000000000001,1.9420289855072437
1137,673633,25,49,262,64.00000000000014,1.1562499999999973
1138,643256,23,68,284,64.00000000000013,1.4218749999999971
1139,663855,53,59,339,76.00000000000001,1.4736842105263155
1140,664192,47,125,549,122.66666666666609,1.402173913043485
1141,628318,14,32,149,30.333333333333293,1.5164835164835184
1142,572703,8,10,53,10.333333333333334,1.7419354838709677
1143,642232,58,140,629,132.3333333333328,1.4962216624685198
1144,596074,5,22,93,19.333333333333332,1.396551724137931
1145,641482,4,10,27,4.333333333333333,3.230769230769231
1146,606478,20,29,130,25.33333333333331,1.9342105263157912
1147,465753,1,1,8,1.6666666666666665,1.2000000000000002
1148,660271,23,38,211,46.666666666666714,1.3071428571428558
1149,630023,30,84,371,84.33333333333323,1.351778656126484
1150,519393,4,14,59,13.666666666666671,1.317073170731707
1151,543001,7,34,107,20.66666666666666,1.983870967741936
1152,670950,59,121,549,116.66666666666613,1.54285714285715
1153,571945,36,186,808,188.00000000000085,1.1808510638297818
1154,605280,25,30,129,25.666666666666647,2.1428571428571446
1155,641755,9,15,57,10.0,2.4
1156,621002,0,0,3,0.6666666666666666,0.0
1157,595881,9,9,40,6.999999999999997,2.5714285714285725
1158,663432,12,13,45,6.999999999999998,3.5714285714285725
1159,642545,53,117,540,113.3333333333328,1.500000000000007
1160,605498,48,163,666,152.33333333333323,1.38512035010941
1161,605155,7,15,49,8.999999999999998,2.444444444444445
1162,592848,2,2,4,0.0,
1163,460060,2,1,6,1.0,3.0
1164,642152,33,53,299,70.00000000000004,1.2285714285714278
1165,639373,5,8,25,3.666666666666667,3.545454545454545
1166,642571,8,31,103,20.333333333333332,1.918032786885246
1167,592145,34,50,268,61.000000000000135,1.3770491803278657
1168,605121,44,42,242,50.333333333333385,1.708609271523177
1169,643466,23,36,185,41.333333333333336,1.4274193548387095
1170,641778,52,127,508,100.333333333333,1.7840531561461852
1171,657770,2,7,16,2.333333333333333,3.8571428571428577
1172,621261,24,69,283,56.000000000000114,1.6607142857142823
1173,458924,17,26,145,33.99999999999997,1.2647058823529422
1174,656805,6,21,65,13.000000000000007,2.0769230769230758
1175,467055,0,0,3,1.0,0.0
1176,592769,3,9,26,4.333333333333333,2.7692307692307696
1177,592468,31,79,342,70.66666666666674,1.556603773584904
1178,605130,3,16,65,14.000000000000007,1.3571428571428565
1179,647336,7,30,113,25.666666666666643,1.4415584415584428
1180,593833,19,43,201,41.66666666666669,1.487999999999999
1181,622864,26,60,247,51.66666666666675,1.6645161290322554
1182,592094,18,30,143,26.333333333333304,1.8227848101265842
1183,664869,2,15,38,6.666666666666665,2.5500000000000007
1184,622554,26,32,231,55.66666666666677,1.0419161676646687
1185,606995,9,5,49,12.000000000000004,1.1666666666666663
1186,622694,29,68,285,56.66666666666678,1.7117647058823495
1187,605276,45,106,456,90.99999999999982,1.6593406593406628
1188,642547,44,49,322,73.00000000000004,1.2739726027397253
1189,608654,1,0,4,1.0,1.0
1190,448167,6,7,36,6.999999999999999,1.8571428571428574
1191,642558,18,66,241,49.00000000000007,1.7142857142857117
1192,434778,1,0,4,1.0,1.0
1193,525768,12,23,99,20.666666666666657,1.693548387096775
1194,605446,43,98,487,108.3333333333329,1.3015384615384666
1195,621289,20,18,126,27.333333333333304,1.3902439024390258
1196,623402,6,29,118,25.666666666666643,1.3636363636363649
1197,669456,25,130,486,109.9999999999996,1.4090909090909143
1198,621141,10,22,76,14.000000000000007,2.2857142857142847
1199,642701,2,6,19,3.666666666666667,2.1818181818181817
1200,620454,15,23,153,33.66666666666663,1.12871287128713
1201,596295,36,81,336,70.66666666666671,1.6556603773584895
1202,622446,40,43,234,47.333333333333385,1.7535211267605615
1203,622783,11,12,66,13.000000000000005,1.7692307692307685
1204,605486,3,4,12,1.3333333333333333,5.25
1205,641793,15,25,101,18.000000000000004,2.222222222222222
1206,657571,15,43,202,47.00000000000005,1.234042553191488
1207,576397,1,2,6,1.0,3.0
1208,650895,20,36,224,51.33333333333343,1.0909090909090888
1209,656222,27,52,224,47.33333333333341,1.6690140845070396
1210,656738,18,26,97,17.333333333333343,2.538461538461537
1211,542289,4,2,18,3.3333333333333335,1.7999999999999998
1212,657786,2,6,21,3.3333333333333335,2.4
1213,607572,4,5,20,3.6666666666666665,2.4545454545454546
1214,606162,40,64,297,56.66666666666678,1.8352941176470552
1215,519295,0,2,5,0.6666666666666666,3.0
1216,621044,2,2,7,1.0,4.0
1217,642528,12,26,108,23.33333333333332,1.6285714285714294
1218,657228,3,2,11,1.9999999999999998,2.5000000000000004
1219,446386,0,0,3,1.0,0.0
1220,605255,16,41,148,31.66666666666663,1.8000000000000023
1221,656354,15,35,153,31.999999999999957,1.562500000000002
1222,622075,4,15,61,14.000000000000009,1.3571428571428563
1223,594824,0,1,3,1.0,1.0
1224,622098,8,34,120,23.999999999999986,1.750000000000001
1225,641571,34,78,344,74.0,1.5135135135135136
1226,476594,15,37,166,34.66666666666665,1.5000000000000007
1227,621249,3,2,16,3.666666666666667,1.3636363636363635
1228,641341,15,26,136,27.333333333333304,1.5000000000000016
1229,621366,35,96,417,90.99999999999983,1.4395604395604422
1230,664682,10,18,87,20.0,1.4
1231,643316,19,33,160,36.33333333333332,1.4311926605504592
1232,571602,1,1,11,2.6666666666666665,0.75
1233,489448,2,5,10,1.0,7.0
1234,641154,22,56,249,54.333333333333435,1.4355828220858868
1235,664196,9,15,56,10.66666666666667,2.2499999999999996
1236,607216,2,1,12,2.6666666666666665,1.125
1237,623465,11,13,59,11.0,2.1818181818181817
1238,462480,2,3,15,3.3333333333333335,1.5
1239,448602,0,0,1,0.3333333333333333,0.0
1240,425772,0,1,4,0.6666666666666666,1.5
1241,605143,11,17,96,20.33333333333333,1.3770491803278693
1242,518489,7,19,125,31.33333333333329,0.8297872340425544
1243,669203,14,27,152,35.66666666666665,1.1495327102803743
1244,543193,7,15,56,10.333333333333336,2.1290322580645156
1245,660853,9,19,82,18.0,1.5555555555555556
1246,488671,0,1,7,1.9999999999999998,0.5000000000000001
1247,656803,5,14,54,10.666666666666668,1.7812499999999998
1248,607468,0,1,4,1.0,1.0
1249,672335,7,6,46,11.333333333333334,1.1470588235294117
1250,542946,1,2,4,0.3333333333333333,9.0
1251,670036,3,13,40,7.666666666666663,2.0869565217391313
1252,553902,0,5,8,0.6666666666666666,7.5
1253,608723,6,12,55,11.66666666666667,1.5428571428571425
1254,600303,0,3,6,1.3333333333333333,2.25
1255,605170,0,3,8,2.0,1.5
1256,664023,0,1,4,0.6666666666666666,1.5
1257,519203,0,0,1,0.3333333333333333,0.0
1258,624636,0,0,2,0.3333333333333333,0.0
1259,607387,0,0,3,1.0,0.0
1260,594965,14,24,133,30.999999999999954,1.225806451612905
1261,571771,2,1,4,0.3333333333333333,9.0
1262,624133,6,21,69,15.000000000000009,1.799999999999999
1263,460576,4,0,5,0.3333333333333333,12.0
1264,641712,19,19,119,25.99999999999998,1.4615384615384628
1265,663465,5,19,47,6.999999999999997,3.4285714285714297
1266,408314,3,5,11,1.0,8.0
1267,605488,15,32,141,28.333333333333304,1.6588235294117664
1268,592238,2,3,10,1.3333333333333333,3.75
1269,606944,13,21,84,14.666666666666675,2.318181818181817
1270,656725,6,8,32,6.333333333333331,2.2105263157894743
1271,502143,0,0,1,0.3333333333333333,0.0
1272,622772,14,23,94,18.333333333333336,2.018181818181818
1273,660875,3,4,24,5.333333333333332,1.3125000000000002
1274,664856,4,8,34,7.666666666666664,1.5652173913043483
1275,641598,0,1,4,1.0,1.0
1276,605301,8,17,71,13.33333333333334,1.8749999999999991
1277,622259,12,13,81,18.33333333333334,1.363636363636363
1278,640447,0,0,1,0.3333333333333333,0.0
1279,664028,14,36,128,25.333333333333307,1.973684210526318
1280,641149,3,6,23,4.333333333333333,2.076923076923077
1281,607030,0,4,7,1.0,4.0
1282,656977,9,5,58,14.000000000000007,0.9999999999999994
1283,656798,17,52,190,39.99999999999999,1.7250000000000003
1284,623381,17,37,181,35.66666666666665,1.5140186915887857
1285,516472,0,5,13,2.333333333333333,2.1428571428571432
1286,640464,21,34,160,33.99999999999998,1.6176470588235303
1287,641525,0,0,4,1.0,0.0
1288,657053,23,18,123,27.666666666666647,1.4819277108433746
1289,656887,22,31,150,30.666666666666625,1.7282608695652197
1290,621142,5,15,70,15.666666666666677,1.2765957446808502
1291,591672,0,1,2,0.3333333333333333,3.0
1292,596451,3,6,14,1.3333333333333333,6.75
1293,664068,0,4,8,1.3333333333333333,3.0
1294,518586,0,2,5,1.0,2.0
1295,623354,4,6,36,8.33333333333333,1.2000000000000004
1296,488818,0,1,4,1.0,1.0
1297,596101,8,6,39,7.333333333333331,1.9090909090909096
1298,669060,6,8,33,6.666666666666665,2.1000000000000005
1299,624427,23,28,123,22.666666666666657,2.250000000000001
1300,623470,9,13,60,11.66666666666667,1.8857142857142852
1301,664285,28,22,154,36.333333333333314,1.3761467889908263
1302,656629,7,20,68,12.000000000000004,2.2499999999999996
1303,621114,7,12,45,8.33333333333333,2.2800000000000007
1304,573166,2,5,16,3.333333333333333,2.1
1305,642028,5,17,56,10.333333333333334,2.129032258064516
1306,641656,3,6,33,7.666666666666663,1.1739130434782614
1307,592858,1,13,38,6.999999999999998,2.0000000000000004
1308,657624,9,15,91,20.666666666666668,1.161290322580645
1309,607755,5,5,26,4.999999999999999,2.0000000000000004
1310,592712,12,6,45,8.666666666666664,2.0769230769230775
1311,605260,7,9,44,8.999999999999996,1.7777777777777786
1312,622774,4,10,46,8.33333333333333,1.6800000000000006
1313,621350,5,6,31,6.666666666666665,1.6500000000000004
1314,605501,6,6,40,9.333333333333332,1.2857142857142858
1315,657117,6,10,44,8.999999999999998,1.7777777777777781
1316,656257,15,16,77,14.333333333333337,2.162790697674418
1317,657140,6,4,28,5.666666666666665,1.7647058823529416
1318,621098,2,4,13,2.333333333333333,2.5714285714285716
1319,641962,4,12,38,7.33333333333333,2.1818181818181825
1320,657209,2,4,15,2.9999999999999996,2.0000000000000004
1321,641851,5,6,34,7.33333333333333,1.5000000000000007
1322,656814,3,7,18,1.9999999999999998,5.000000000000001
1323,661255,1,7,35,7.666666666666663,1.0434782608695656
1324,597113,2,6,27,5.666666666666665,1.4117647058823533
1325,595897,2,3,10,1.3333333333333333,3.75
1326,605513,4,17,69,15.666666666666675,1.340425531914893
1327,623364,0,3,24,6.666666666666664,0.4500000000000002
1328,664180,4,19,48,7.666666666666663,3.0000000000000013
1329,656954,3,4,14,1.9999999999999998,3.5000000000000004
1330,607644,0,6,16,3.0,2.0
1331,607054,0,6,8,1.0,6.0
